sample_codes	samples	Subtype_miRNA	Subtype_mRNA	Subtype_DNAmeth	Subtype_Selected
TCGA.2V.A95S.01	TCGA-2V-A95S	miRNA.NA	mRNA.NA	meth.NA	LIHC.NA
TCGA.2Y.A9GS.01	TCGA-2Y-A9GS	miRNA.NA	mRNA.NA	meth.NA	LIHC.NA
TCGA.2Y.A9GT.01	TCGA-2Y-A9GT	miRNA.NA	mRNA.NA	meth.NA	LIHC.NA
TCGA.2Y.A9GU.01	TCGA-2Y-A9GU	miRNA.NA	mRNA.NA	meth.NA	LIHC.NA
TCGA.2Y.A9GV.01	TCGA-2Y-A9GV	miRNA.NA	mRNA.NA	meth.NA	LIHC.NA
TCGA.2Y.A9GW.01	TCGA-2Y-A9GW	miRNA.NA	mRNA.NA	meth.NA	LIHC.NA
TCGA.2Y.A9GX.01	TCGA-2Y-A9GX	miRNA.NA	mRNA.NA	meth.NA	LIHC.NA
TCGA.2Y.A9GY.01	TCGA-2Y-A9GY	miRNA.NA	mRNA.NA	meth.NA	LIHC.NA
TCGA.2Y.A9GZ.01	TCGA-2Y-A9GZ	miRNA.NA	mRNA.NA	meth.NA	LIHC.NA
TCGA.2Y.A9H0.01	TCGA-2Y-A9H0	miRNA.NA	mRNA.NA	meth.NA	LIHC.NA
TCGA.2Y.A9H1.01	TCGA-2Y-A9H1	miRNA.NA	mRNA.NA	meth.NA	LIHC.NA
TCGA.2Y.A9H2.01	TCGA-2Y-A9H2	miRNA.NA	mRNA.NA	meth.NA	LIHC.NA
TCGA.2Y.A9H3.01	TCGA-2Y-A9H3	miRNA.NA	mRNA.NA	meth.NA	LIHC.NA
TCGA.2Y.A9H4.01	TCGA-2Y-A9H4	miRNA.NA	mRNA.NA	meth.NA	LIHC.NA
TCGA.2Y.A9H5.01	TCGA-2Y-A9H5	miRNA.NA	mRNA.NA	meth.NA	LIHC.NA
TCGA.2Y.A9H6.01	TCGA-2Y-A9H6	miRNA.NA	mRNA.NA	meth.NA	LIHC.NA
TCGA.2Y.A9H7.01	TCGA-2Y-A9H7	miRNA.NA	mRNA.NA	meth.NA	LIHC.NA
TCGA.2Y.A9H8.01	TCGA-2Y-A9H8	miRNA.NA	mRNA.NA	meth.NA	LIHC.NA
TCGA.2Y.A9H9.01	TCGA-2Y-A9H9	miRNA.NA	mRNA.NA	meth.NA	LIHC.NA
TCGA.2Y.A9HA.01	TCGA-2Y-A9HA	miRNA.NA	mRNA.NA	meth.NA	LIHC.NA
TCGA.2Y.A9HB.01	TCGA-2Y-A9HB	miRNA.NA	mRNA.NA	meth.NA	LIHC.NA
TCGA.3K.AAZ8.01	TCGA-3K-AAZ8	miRNA.NA	mRNA.NA	meth.NA	LIHC.NA
TCGA.4R.AA8I.01	TCGA-4R-AA8I	miRNA.NA	mRNA.NA	meth.NA	LIHC.NA
TCGA.5C.A9VG.01	TCGA-5C-A9VG	miRNA.NA	mRNA.NA	meth.NA	LIHC.NA
TCGA.5C.A9VH.01	TCGA-5C-A9VH	miRNA.NA	mRNA.NA	meth.NA	LIHC.NA
TCGA.5C.AAPD.01	TCGA-5C-AAPD	miRNA.NA	mRNA.NA	meth.NA	LIHC.NA
TCGA.5R.AA1C.01	TCGA-5R-AA1C	miRNA.NA	mRNA.NA	meth.NA	LIHC.NA
TCGA.5R.AA1D.01	TCGA-5R-AA1D	miRNA.NA	mRNA.NA	meth.NA	LIHC.NA
TCGA.5R.AAAM.01	TCGA-5R-AAAM	miRNA.NA	mRNA.NA	meth.NA	LIHC.NA
TCGA.BC.4072.01	TCGA-BC-4072	3	1	2	LIHC.iCluster:1
TCGA.BC.4073.01	TCGA-BC-4073	3	1	2	LIHC.iCluster:3
TCGA.BC.A10Q.11	TCGA-BC-A10Q	miRNA.NA	mRNA.NA	meth.NA	LIHC.NA
TCGA.BC.A10Q.01	TCGA-BC-A10Q	miRNA.NA	mRNA.NA	meth.NA	LIHC.NA
TCGA.BC.A10R.11	TCGA-BC-A10R	5	1	1	LIHC.iCluster:1
TCGA.BC.A10R.01	TCGA-BC-A10R	5	1	1	LIHC.iCluster:1
TCGA.BC.A10S.01	TCGA-BC-A10S	3	3	4	LIHC.iCluster:2
TCGA.BC.A10T.11	TCGA-BC-A10T	5	4	2	LIHC.iCluster:3
TCGA.BC.A10T.01	TCGA-BC-A10T	5	4	2	LIHC.iCluster:3
TCGA.BC.A10U.11	TCGA-BC-A10U	3	5	2	LIHC.iCluster:3
TCGA.BC.A10U.01	TCGA-BC-A10U	3	5	2	LIHC.iCluster:3
TCGA.BC.A10W.11	TCGA-BC-A10W	3	1	1	LIHC.iCluster:1
TCGA.BC.A10W.01	TCGA-BC-A10W	3	1	1	LIHC.iCluster:1
TCGA.BC.A10X.11	TCGA-BC-A10X	5	3	2	LIHC.iCluster:1
TCGA.BC.A10X.01	TCGA-BC-A10X	5	3	2	LIHC.iCluster:1
TCGA.BC.A10Y.11	TCGA-BC-A10Y	1	4	2	LIHC.iCluster:3
TCGA.BC.A10Y.01	TCGA-BC-A10Y	1	4	2	LIHC.iCluster:3
TCGA.BC.A10Z.11	TCGA-BC-A10Z	1	4	2	LIHC.iCluster:3
TCGA.BC.A10Z.01	TCGA-BC-A10Z	1	4	2	LIHC.iCluster:3
TCGA.BC.A110.11	TCGA-BC-A110	5	3	2	LIHC.iCluster:1
TCGA.BC.A110.01	TCGA-BC-A110	5	3	2	LIHC.iCluster:1
TCGA.BC.A112.01	TCGA-BC-A112	5	1	3	LIHC.iCluster:1
TCGA.BC.A216.11	TCGA-BC-A216	1	1	2	LIHC.iCluster:3
TCGA.BC.A216.01	TCGA-BC-A216	1	1	2	LIHC.iCluster:3
TCGA.BC.A217.01	TCGA-BC-A217	1	4	2	LIHC.iCluster:3
TCGA.BC.A3KF.01	TCGA-BC-A3KF	2	4	2	LIHC.iCluster:3
TCGA.BC.A3KG.01	TCGA-BC-A3KG	1	4	2	LIHC.iCluster:3
TCGA.BC.A5W4.01	TCGA-BC-A5W4	4	4	4	LIHC.iCluster:3
TCGA.BC.A69H.01	TCGA-BC-A69H	3	1	2	LIHC.iCluster:1
TCGA.BC.A69I.01	TCGA-BC-A69I	1	5	4	LIHC.iCluster:2
TCGA.BC.A8YO.01	TCGA-BC-A8YO	miRNA.NA	mRNA.NA	meth.NA	LIHC.NA
TCGA.BD.A2L6.11	TCGA-BD-A2L6	1	4	2	LIHC.iCluster:3
TCGA.BD.A2L6.01	TCGA-BD-A2L6	1	4	2	LIHC.iCluster:3
TCGA.BD.A3EP.11	TCGA-BD-A3EP	5	3	2	LIHC.iCluster:2
TCGA.BD.A3EP.01	TCGA-BD-A3EP	5	3	2	LIHC.iCluster:2
TCGA.BD.A3ER.01	TCGA-BD-A3ER	miRNA.NA	mRNA.NA	meth.NA	LIHC.NA
TCGA.BW.A5NO.01	TCGA-BW-A5NO	3	4	2	LIHC.iCluster:3
TCGA.BW.A5NP.01	TCGA-BW-A5NP	4	1	3	LIHC.iCluster:1
TCGA.BW.A5NQ.01	TCGA-BW-A5NQ	4	5	2	LIHC.iCluster:3
TCGA.CC.5258.01	TCGA-CC-5258	4	1	1	LIHC.iCluster:1
TCGA.CC.5259.01	TCGA-CC-5259	3	2	4	LIHC.NA
TCGA.CC.5260.01	TCGA-CC-5260	5	1	3	LIHC.iCluster:1
TCGA.CC.5261.01	TCGA-CC-5261	5	1	3	LIHC.iCluster:1
TCGA.CC.5262.01	TCGA-CC-5262	5	3	2	LIHC.iCluster:2
TCGA.CC.5263.01	TCGA-CC-5263	4	1	2	LIHC.iCluster:3
TCGA.CC.5264.01	TCGA-CC-5264	4	1	2	LIHC.iCluster:3
TCGA.CC.A123.01	TCGA-CC-A123	3	mRNA.NA	1	LIHC.NA
TCGA.CC.A1HT.01	TCGA-CC-A1HT	5	1	2	LIHC.iCluster:1
TCGA.CC.A3M9.01	TCGA-CC-A3M9	5	1	1	LIHC.iCluster:1
TCGA.CC.A3MA.01	TCGA-CC-A3MA	4	1	3	LIHC.iCluster:1
TCGA.CC.A3MB.01	TCGA-CC-A3MB	2	1	4	LIHC.iCluster:2
TCGA.CC.A3MC.01	TCGA-CC-A3MC	3	3	1	LIHC.iCluster:1
TCGA.CC.A5UC.01	TCGA-CC-A5UC	4	1	1	LIHC.iCluster:1
TCGA.CC.A5UD.01	TCGA-CC-A5UD	3	5	1	LIHC.iCluster:2
TCGA.CC.A5UE.01	TCGA-CC-A5UE	3	2	2	LIHC.iCluster:3
TCGA.CC.A7IE.01	TCGA-CC-A7IE	miRNA.NA	mRNA.NA	meth.NA	LIHC.NA
TCGA.CC.A7IF.01	TCGA-CC-A7IF	3	4	1	LIHC.iCluster:1
TCGA.CC.A7IG.01	TCGA-CC-A7IG	3	1	3	LIHC.iCluster:1
TCGA.CC.A7IH.01	TCGA-CC-A7IH	2	5	4	LIHC.iCluster:3
TCGA.CC.A7II.01	TCGA-CC-A7II	4	1	2	LIHC.iCluster:1
TCGA.CC.A7IJ.01	TCGA-CC-A7IJ	5	1	3	LIHC.iCluster:1
TCGA.CC.A7IK.01	TCGA-CC-A7IK	1	5	2	LIHC.iCluster:3
TCGA.CC.A7IL.01	TCGA-CC-A7IL	1	4	2	LIHC.iCluster:3
TCGA.CC.A8HS.01	TCGA-CC-A8HS	miRNA.NA	mRNA.NA	meth.NA	LIHC.NA
TCGA.CC.A8HT.01	TCGA-CC-A8HT	miRNA.NA	mRNA.NA	meth.NA	LIHC.NA
TCGA.CC.A8HU.01	TCGA-CC-A8HU	miRNA.NA	mRNA.NA	meth.NA	LIHC.NA
TCGA.CC.A8HV.01	TCGA-CC-A8HV	miRNA.NA	mRNA.NA	meth.NA	LIHC.NA
TCGA.CC.A9FS.01	TCGA-CC-A9FS	miRNA.NA	mRNA.NA	meth.NA	LIHC.NA
TCGA.CC.A9FU.01	TCGA-CC-A9FU	miRNA.NA	mRNA.NA	meth.NA	LIHC.NA
TCGA.CC.A9FV.01	TCGA-CC-A9FV	miRNA.NA	mRNA.NA	meth.NA	LIHC.NA
TCGA.CC.A9FW.01	TCGA-CC-A9FW	miRNA.NA	mRNA.NA	meth.NA	LIHC.NA
TCGA.DD.A113.11	TCGA-DD-A113	1	1	3	LIHC.iCluster:1
TCGA.DD.A113.01	TCGA-DD-A113	1	1	3	LIHC.iCluster:1
TCGA.DD.A114.11	TCGA-DD-A114	5	1	1	LIHC.iCluster:1
TCGA.DD.A114.01	TCGA-DD-A114	5	1	1	LIHC.iCluster:1
TCGA.DD.A115.01	TCGA-DD-A115	5	4	2	LIHC.iCluster:3
TCGA.DD.A116.11	TCGA-DD-A116	5	5	1	LIHC.iCluster:1
TCGA.DD.A116.01	TCGA-DD-A116	5	5	1	LIHC.iCluster:1
TCGA.DD.A118.11	TCGA-DD-A118	4	1	3	LIHC.iCluster:1
TCGA.DD.A118.01	TCGA-DD-A118	4	1	3	LIHC.iCluster:1
TCGA.DD.A119.11	TCGA-DD-A119	5	3	1	LIHC.iCluster:1
TCGA.DD.A119.01	TCGA-DD-A119	5	3	1	LIHC.iCluster:1
TCGA.DD.A11A.11	TCGA-DD-A11A	1	4	3	LIHC.iCluster:2
TCGA.DD.A11A.01	TCGA-DD-A11A	1	4	3	LIHC.iCluster:2
TCGA.DD.A11B.11	TCGA-DD-A11B	2	4	4	LIHC.iCluster:2
TCGA.DD.A11B.01	TCGA-DD-A11B	2	4	4	LIHC.iCluster:2
TCGA.DD.A11C.11	TCGA-DD-A11C	1	4	4	LIHC.iCluster:3
TCGA.DD.A11C.01	TCGA-DD-A11C	1	4	4	LIHC.iCluster:3
TCGA.DD.A11D.11	TCGA-DD-A11D	5	4	2	LIHC.iCluster:3
TCGA.DD.A11D.01	TCGA-DD-A11D	5	4	2	LIHC.iCluster:3
TCGA.DD.A1EA.01	TCGA-DD-A1EA	1	5	4	LIHC.iCluster:3
TCGA.DD.A1EB.11	TCGA-DD-A1EB	2	4	4	LIHC.iCluster:2
TCGA.DD.A1EB.01	TCGA-DD-A1EB	2	4	4	LIHC.iCluster:2
TCGA.DD.A1EC.11	TCGA-DD-A1EC	3	1	4	LIHC.iCluster:1
TCGA.DD.A1EC.01	TCGA-DD-A1EC	3	1	4	LIHC.iCluster:1
TCGA.DD.A1ED.01	TCGA-DD-A1ED	5	5	2	LIHC.iCluster:1
TCGA.DD.A1EE.11	TCGA-DD-A1EE	1	5	4	LIHC.iCluster:3
TCGA.DD.A1EE.01	TCGA-DD-A1EE	1	5	4	LIHC.iCluster:3
TCGA.DD.A1EF.01	TCGA-DD-A1EF	1	1	3	LIHC.iCluster:1
TCGA.DD.A1EG.11	TCGA-DD-A1EG	5	3	2	LIHC.iCluster:3
TCGA.DD.A1EG.01	TCGA-DD-A1EG	5	3	2	LIHC.iCluster:3
TCGA.DD.A1EH.11	TCGA-DD-A1EH	4	1	3	LIHC.iCluster:1
TCGA.DD.A1EH.01	TCGA-DD-A1EH	4	1	3	LIHC.iCluster:1
TCGA.DD.A1EI.11	TCGA-DD-A1EI	5	1	1	LIHC.iCluster:1
TCGA.DD.A1EI.01	TCGA-DD-A1EI	5	1	1	LIHC.iCluster:1
TCGA.DD.A1EJ.11	TCGA-DD-A1EJ	1	1	2	LIHC.iCluster:3
TCGA.DD.A1EJ.01	TCGA-DD-A1EJ	1	1	2	LIHC.iCluster:3
TCGA.DD.A1EK.01	TCGA-DD-A1EK	2	4	2	LIHC.iCluster:3
TCGA.DD.A1EL.11	TCGA-DD-A1EL	1	5	2	LIHC.iCluster:3
TCGA.DD.A1EL.01	TCGA-DD-A1EL	1	5	2	LIHC.iCluster:3
TCGA.DD.A39V.11	TCGA-DD-A39V	1	5	4	LIHC.iCluster:3
TCGA.DD.A39V.01	TCGA-DD-A39V	1	5	4	LIHC.iCluster:3
TCGA.DD.A39W.11	TCGA-DD-A39W	1	5	4	LIHC.iCluster:2
TCGA.DD.A39W.01	TCGA-DD-A39W	1	5	4	LIHC.iCluster:2
TCGA.DD.A39X.11	TCGA-DD-A39X	2	3	3	LIHC.iCluster:1
TCGA.DD.A39X.01	TCGA-DD-A39X	2	3	3	LIHC.iCluster:1
TCGA.DD.A39Y.01	TCGA-DD-A39Y	3	1	1	LIHC.iCluster:3
TCGA.DD.A39Z.11	TCGA-DD-A39Z	2	2	4	LIHC.iCluster:2
TCGA.DD.A39Z.01	TCGA-DD-A39Z	2	2	4	LIHC.iCluster:2
TCGA.DD.A3A1.11	TCGA-DD-A3A1	2	4	2	LIHC.iCluster:3
TCGA.DD.A3A1.01	TCGA-DD-A3A1	2	4	2	LIHC.iCluster:3
TCGA.DD.A3A2.11	TCGA-DD-A3A2	2	4	4	LIHC.iCluster:2
TCGA.DD.A3A2.01	TCGA-DD-A3A2	2	4	4	LIHC.iCluster:2
TCGA.DD.A3A3.11	TCGA-DD-A3A3	3	2	1	LIHC.iCluster:1
TCGA.DD.A3A3.01	TCGA-DD-A3A3	3	2	1	LIHC.iCluster:1
TCGA.DD.A3A4.11	TCGA-DD-A3A4	3	3	4	LIHC.iCluster:2
TCGA.DD.A3A4.01	TCGA-DD-A3A4	3	3	4	LIHC.iCluster:2
TCGA.DD.A3A5.11	TCGA-DD-A3A5	2	4	2	LIHC.iCluster:3
TCGA.DD.A3A5.01	TCGA-DD-A3A5	2	4	2	LIHC.iCluster:3
TCGA.DD.A3A6.11	TCGA-DD-A3A6	miRNA.NA	mRNA.NA	meth.NA	LIHC.NA
TCGA.DD.A3A6.01	TCGA-DD-A3A6	miRNA.NA	mRNA.NA	meth.NA	LIHC.NA
TCGA.DD.A3A7.01	TCGA-DD-A3A7	3	3	3	LIHC.iCluster:2
TCGA.DD.A3A8.11	TCGA-DD-A3A8	2	5	4	LIHC.iCluster:2
TCGA.DD.A3A8.01	TCGA-DD-A3A8	2	5	4	LIHC.iCluster:2
TCGA.DD.A3A9.01	TCGA-DD-A3A9	3	1	3	LIHC.iCluster:1
TCGA.DD.A4NA.01	TCGA-DD-A4NA	4	1	3	LIHC.iCluster:1
TCGA.DD.A4NB.01	TCGA-DD-A4NB	3	3	2	LIHC.iCluster:1
TCGA.DD.A4ND.01	TCGA-DD-A4ND	5	1	2	LIHC.iCluster:2
TCGA.DD.A4NE.01	TCGA-DD-A4NE	1	4	3	LIHC.NA
TCGA.DD.A4NF.01	TCGA-DD-A4NF	1	5	4	LIHC.iCluster:2
TCGA.DD.A4NG.01	TCGA-DD-A4NG	3	5	4	LIHC.NA
TCGA.DD.A4NH.01	TCGA-DD-A4NH	3	1	3	LIHC.iCluster:1
TCGA.DD.A4NI.01	TCGA-DD-A4NI	2	4	4	LIHC.iCluster:2
TCGA.DD.A4NJ.01	TCGA-DD-A4NJ	miRNA.NA	4	2	LIHC.NA
TCGA.DD.A4NK.01	TCGA-DD-A4NK	miRNA.NA	4	4	LIHC.NA
TCGA.DD.A4NL.01	TCGA-DD-A4NL	2	5	2	LIHC.iCluster:1
TCGA.DD.A4NN.01	TCGA-DD-A4NN	4	1	3	LIHC.iCluster:1
TCGA.DD.A4NO.01	TCGA-DD-A4NO	2	3	4	LIHC.iCluster:2
TCGA.DD.A4NP.01	TCGA-DD-A4NP	2	5	2	LIHC.iCluster:2
TCGA.DD.A4NQ.01	TCGA-DD-A4NQ	3	1	2	LIHC.iCluster:3
TCGA.DD.A4NR.01	TCGA-DD-A4NR	3	1	2	LIHC.iCluster:1
TCGA.DD.A4NS.01	TCGA-DD-A4NS	5	3	2	LIHC.iCluster:1
TCGA.DD.A4NV.01	TCGA-DD-A4NV	2	4	4	LIHC.iCluster:2
TCGA.DD.A73A.01	TCGA-DD-A73A	2	4	4	LIHC.iCluster:3
TCGA.DD.A73B.01	TCGA-DD-A73B	2	4	1	LIHC.iCluster:2
TCGA.DD.A73C.01	TCGA-DD-A73C	2	4	2	LIHC.iCluster:2
TCGA.DD.A73D.01	TCGA-DD-A73D	1	5	4	LIHC.iCluster:3
TCGA.DD.A73E.01	TCGA-DD-A73E	1	5	4	LIHC.iCluster:3
TCGA.DD.A73F.01	TCGA-DD-A73F	2	4	2	LIHC.iCluster:3
TCGA.DD.A73G.01	TCGA-DD-A73G	2	1	3	LIHC.iCluster:1
TCGA.DD.AA3A.01	TCGA-DD-AA3A	miRNA.NA	mRNA.NA	meth.NA	LIHC.NA
TCGA.DD.AAC8.01	TCGA-DD-AAC8	miRNA.NA	mRNA.NA	meth.NA	LIHC.NA
TCGA.DD.AAC9.01	TCGA-DD-AAC9	miRNA.NA	mRNA.NA	meth.NA	LIHC.NA
TCGA.DD.AACA.01	TCGA-DD-AACA	miRNA.NA	mRNA.NA	meth.NA	LIHC.NA
TCGA.DD.AACA.02	TCGA-DD-AACA	miRNA.NA	mRNA.NA	meth.NA	LIHC.NA
TCGA.DD.AACB.01	TCGA-DD-AACB	miRNA.NA	mRNA.NA	meth.NA	LIHC.NA
TCGA.DD.AACC.01	TCGA-DD-AACC	miRNA.NA	mRNA.NA	meth.NA	LIHC.NA
TCGA.DD.AACD.01	TCGA-DD-AACD	miRNA.NA	mRNA.NA	meth.NA	LIHC.NA
TCGA.DD.AACE.01	TCGA-DD-AACE	miRNA.NA	mRNA.NA	meth.NA	LIHC.NA
TCGA.DD.AACF.01	TCGA-DD-AACF	miRNA.NA	mRNA.NA	meth.NA	LIHC.NA
TCGA.DD.AACG.01	TCGA-DD-AACG	miRNA.NA	mRNA.NA	meth.NA	LIHC.NA
TCGA.DD.AACH.01	TCGA-DD-AACH	miRNA.NA	mRNA.NA	meth.NA	LIHC.NA
TCGA.DD.AACI.01	TCGA-DD-AACI	miRNA.NA	mRNA.NA	meth.NA	LIHC.NA
TCGA.DD.AACJ.01	TCGA-DD-AACJ	miRNA.NA	mRNA.NA	meth.NA	LIHC.NA
TCGA.DD.AACK.01	TCGA-DD-AACK	miRNA.NA	mRNA.NA	meth.NA	LIHC.NA
TCGA.DD.AACL.01	TCGA-DD-AACL	miRNA.NA	mRNA.NA	meth.NA	LIHC.NA
TCGA.DD.AACN.01	TCGA-DD-AACN	miRNA.NA	mRNA.NA	meth.NA	LIHC.NA
TCGA.DD.AACO.01	TCGA-DD-AACO	miRNA.NA	mRNA.NA	meth.NA	LIHC.NA
TCGA.DD.AACP.01	TCGA-DD-AACP	miRNA.NA	mRNA.NA	meth.NA	LIHC.NA
TCGA.DD.AACQ.01	TCGA-DD-AACQ	miRNA.NA	mRNA.NA	meth.NA	LIHC.NA
TCGA.DD.AACS.01	TCGA-DD-AACS	miRNA.NA	mRNA.NA	meth.NA	LIHC.NA
TCGA.DD.AACT.01	TCGA-DD-AACT	miRNA.NA	mRNA.NA	meth.NA	LIHC.NA
TCGA.DD.AACU.01	TCGA-DD-AACU	miRNA.NA	mRNA.NA	meth.NA	LIHC.NA
TCGA.DD.AACV.01	TCGA-DD-AACV	miRNA.NA	mRNA.NA	meth.NA	LIHC.NA
TCGA.DD.AACW.01	TCGA-DD-AACW	miRNA.NA	mRNA.NA	meth.NA	LIHC.NA
TCGA.DD.AACX.01	TCGA-DD-AACX	miRNA.NA	mRNA.NA	meth.NA	LIHC.NA
TCGA.DD.AACY.01	TCGA-DD-AACY	miRNA.NA	mRNA.NA	meth.NA	LIHC.NA
TCGA.DD.AACZ.01	TCGA-DD-AACZ	miRNA.NA	mRNA.NA	meth.NA	LIHC.NA
TCGA.DD.AAD0.01	TCGA-DD-AAD0	miRNA.NA	mRNA.NA	meth.NA	LIHC.NA
TCGA.DD.AAD1.01	TCGA-DD-AAD1	miRNA.NA	mRNA.NA	meth.NA	LIHC.NA
TCGA.DD.AAD2.01	TCGA-DD-AAD2	miRNA.NA	mRNA.NA	meth.NA	LIHC.NA
TCGA.DD.AAD3.01	TCGA-DD-AAD3	miRNA.NA	mRNA.NA	meth.NA	LIHC.NA
TCGA.DD.AAD5.01	TCGA-DD-AAD5	miRNA.NA	mRNA.NA	meth.NA	LIHC.NA
TCGA.DD.AAD6.01	TCGA-DD-AAD6	miRNA.NA	mRNA.NA	meth.NA	LIHC.NA
TCGA.DD.AAD8.01	TCGA-DD-AAD8	miRNA.NA	mRNA.NA	meth.NA	LIHC.NA
TCGA.DD.AADA.01	TCGA-DD-AADA	miRNA.NA	mRNA.NA	meth.NA	LIHC.NA
TCGA.DD.AADB.01	TCGA-DD-AADB	miRNA.NA	mRNA.NA	meth.NA	LIHC.NA
TCGA.DD.AADC.01	TCGA-DD-AADC	miRNA.NA	mRNA.NA	meth.NA	LIHC.NA
TCGA.DD.AADD.01	TCGA-DD-AADD	miRNA.NA	mRNA.NA	meth.NA	LIHC.NA
TCGA.DD.AADF.01	TCGA-DD-AADF	miRNA.NA	mRNA.NA	meth.NA	LIHC.NA
TCGA.DD.AADG.01	TCGA-DD-AADG	miRNA.NA	mRNA.NA	meth.NA	LIHC.NA
TCGA.DD.AADI.01	TCGA-DD-AADI	miRNA.NA	mRNA.NA	meth.NA	LIHC.NA
TCGA.DD.AADJ.01	TCGA-DD-AADJ	miRNA.NA	mRNA.NA	meth.NA	LIHC.NA
TCGA.DD.AADK.01	TCGA-DD-AADK	miRNA.NA	mRNA.NA	meth.NA	LIHC.NA
TCGA.DD.AADL.01	TCGA-DD-AADL	miRNA.NA	mRNA.NA	meth.NA	LIHC.NA
TCGA.DD.AADM.01	TCGA-DD-AADM	miRNA.NA	mRNA.NA	meth.NA	LIHC.NA
TCGA.DD.AADN.01	TCGA-DD-AADN	miRNA.NA	mRNA.NA	meth.NA	LIHC.NA
TCGA.DD.AADO.01	TCGA-DD-AADO	miRNA.NA	mRNA.NA	meth.NA	LIHC.NA
TCGA.DD.AADP.01	TCGA-DD-AADP	miRNA.NA	mRNA.NA	meth.NA	LIHC.NA
TCGA.DD.AADQ.01	TCGA-DD-AADQ	miRNA.NA	mRNA.NA	meth.NA	LIHC.NA
TCGA.DD.AADR.01	TCGA-DD-AADR	miRNA.NA	mRNA.NA	meth.NA	LIHC.NA
TCGA.DD.AADS.01	TCGA-DD-AADS	miRNA.NA	mRNA.NA	meth.NA	LIHC.NA
TCGA.DD.AADU.01	TCGA-DD-AADU	miRNA.NA	mRNA.NA	meth.NA	LIHC.NA
TCGA.DD.AADV.01	TCGA-DD-AADV	miRNA.NA	mRNA.NA	meth.NA	LIHC.NA
TCGA.DD.AADW.01	TCGA-DD-AADW	miRNA.NA	mRNA.NA	meth.NA	LIHC.NA
TCGA.DD.AADY.01	TCGA-DD-AADY	miRNA.NA	mRNA.NA	meth.NA	LIHC.NA
TCGA.DD.AAE0.01	TCGA-DD-AAE0	miRNA.NA	mRNA.NA	meth.NA	LIHC.NA
TCGA.DD.AAE1.01	TCGA-DD-AAE1	miRNA.NA	mRNA.NA	meth.NA	LIHC.NA
TCGA.DD.AAE2.01	TCGA-DD-AAE2	miRNA.NA	mRNA.NA	meth.NA	LIHC.NA
TCGA.DD.AAE3.01	TCGA-DD-AAE3	miRNA.NA	mRNA.NA	meth.NA	LIHC.NA
TCGA.DD.AAE4.01	TCGA-DD-AAE4	miRNA.NA	mRNA.NA	meth.NA	LIHC.NA
TCGA.DD.AAE6.01	TCGA-DD-AAE6	miRNA.NA	mRNA.NA	meth.NA	LIHC.NA
TCGA.DD.AAE7.01	TCGA-DD-AAE7	miRNA.NA	mRNA.NA	meth.NA	LIHC.NA
TCGA.DD.AAE9.01	TCGA-DD-AAE9	miRNA.NA	mRNA.NA	meth.NA	LIHC.NA
TCGA.DD.AAEA.01	TCGA-DD-AAEA	miRNA.NA	mRNA.NA	meth.NA	LIHC.NA
TCGA.DD.AAEB.01	TCGA-DD-AAEB	miRNA.NA	mRNA.NA	meth.NA	LIHC.NA
TCGA.DD.AAED.01	TCGA-DD-AAED	miRNA.NA	mRNA.NA	meth.NA	LIHC.NA
TCGA.DD.AAEE.01	TCGA-DD-AAEE	miRNA.NA	mRNA.NA	meth.NA	LIHC.NA
TCGA.DD.AAEG.01	TCGA-DD-AAEG	miRNA.NA	mRNA.NA	meth.NA	LIHC.NA
TCGA.DD.AAEH.01	TCGA-DD-AAEH	miRNA.NA	mRNA.NA	meth.NA	LIHC.NA
TCGA.DD.AAEI.01	TCGA-DD-AAEI	miRNA.NA	mRNA.NA	meth.NA	LIHC.NA
TCGA.DD.AAEK.01	TCGA-DD-AAEK	miRNA.NA	mRNA.NA	meth.NA	LIHC.NA
TCGA.DD.AAVP.01	TCGA-DD-AAVP	miRNA.NA	mRNA.NA	meth.NA	LIHC.NA
TCGA.DD.AAVQ.01	TCGA-DD-AAVQ	miRNA.NA	mRNA.NA	meth.NA	LIHC.NA
TCGA.DD.AAVR.01	TCGA-DD-AAVR	miRNA.NA	mRNA.NA	meth.NA	LIHC.NA
TCGA.DD.AAVS.01	TCGA-DD-AAVS	miRNA.NA	mRNA.NA	meth.NA	LIHC.NA
TCGA.DD.AAVU.01	TCGA-DD-AAVU	miRNA.NA	mRNA.NA	meth.NA	LIHC.NA
TCGA.DD.AAVV.01	TCGA-DD-AAVV	miRNA.NA	mRNA.NA	meth.NA	LIHC.NA
TCGA.DD.AAVW.01	TCGA-DD-AAVW	miRNA.NA	mRNA.NA	meth.NA	LIHC.NA
TCGA.DD.AAVX.01	TCGA-DD-AAVX	miRNA.NA	mRNA.NA	meth.NA	LIHC.NA
TCGA.DD.AAVY.01	TCGA-DD-AAVY	miRNA.NA	mRNA.NA	meth.NA	LIHC.NA
TCGA.DD.AAVZ.01	TCGA-DD-AAVZ	miRNA.NA	mRNA.NA	meth.NA	LIHC.NA
TCGA.DD.AAW0.01	TCGA-DD-AAW0	miRNA.NA	mRNA.NA	meth.NA	LIHC.NA
TCGA.DD.AAW1.01	TCGA-DD-AAW1	miRNA.NA	mRNA.NA	meth.NA	LIHC.NA
TCGA.DD.AAW2.01	TCGA-DD-AAW2	miRNA.NA	mRNA.NA	meth.NA	LIHC.NA
TCGA.DD.AAW3.01	TCGA-DD-AAW3	miRNA.NA	mRNA.NA	meth.NA	LIHC.NA
TCGA.ED.A459.01	TCGA-ED-A459	3	1	4	LIHC.iCluster:2
TCGA.ED.A4XI.01	TCGA-ED-A4XI	5	3	1	LIHC.iCluster:1
TCGA.ED.A5KG.01	TCGA-ED-A5KG	3	1	1	LIHC.iCluster:1
TCGA.ED.A627.01	TCGA-ED-A627	5	3	2	LIHC.iCluster:1
TCGA.ED.A66X.01	TCGA-ED-A66X	3	1	1	LIHC.iCluster:1
TCGA.ED.A66Y.01	TCGA-ED-A66Y	4	1	3	LIHC.iCluster:1
TCGA.ED.A7PX.01	TCGA-ED-A7PX	3	1	1	LIHC.iCluster:1
TCGA.ED.A7PY.01	TCGA-ED-A7PY	1	1	3	LIHC.iCluster:1
TCGA.ED.A7PZ.01	TCGA-ED-A7PZ	1	5	2	LIHC.iCluster:3
TCGA.ED.A7XO.01	TCGA-ED-A7XO	2	mRNA.NA	2	LIHC.NA
TCGA.ED.A7XP.01	TCGA-ED-A7XP	3	5	1	LIHC.iCluster:1
TCGA.ED.A82E.01	TCGA-ED-A82E	5	1	3	LIHC.iCluster:1
TCGA.ED.A8O5.01	TCGA-ED-A8O5	miRNA.NA	mRNA.NA	meth.NA	LIHC.NA
TCGA.ED.A8O6.01	TCGA-ED-A8O6	miRNA.NA	mRNA.NA	meth.NA	LIHC.NA
TCGA.ED.A97K.01	TCGA-ED-A97K	miRNA.NA	mRNA.NA	meth.NA	LIHC.NA
TCGA.EP.A12J.11	TCGA-EP-A12J	1	5	4	LIHC.iCluster:2
TCGA.EP.A12J.01	TCGA-EP-A12J	1	5	4	LIHC.iCluster:2
TCGA.EP.A26S.11	TCGA-EP-A26S	1	5	4	LIHC.iCluster:3
TCGA.EP.A26S.01	TCGA-EP-A26S	1	5	4	LIHC.iCluster:3
TCGA.EP.A2KA.01	TCGA-EP-A2KA	3	1	4	LIHC.iCluster:2
TCGA.EP.A2KB.01	TCGA-EP-A2KB	2	1	4	LIHC.iCluster:2
TCGA.EP.A2KC.01	TCGA-EP-A2KC	3	5	4	LIHC.iCluster:3
TCGA.EP.A3JL.01	TCGA-EP-A3JL	5	3	2	LIHC.iCluster:2
TCGA.EP.A3RK.11	TCGA-EP-A3RK	3	5	4	LIHC.iCluster:2
TCGA.EP.A3RK.01	TCGA-EP-A3RK	3	5	4	LIHC.iCluster:2
TCGA.ES.A2HS.01	TCGA-ES-A2HS	2	3	4	LIHC.iCluster:2
TCGA.ES.A2HT.11	TCGA-ES-A2HT	2	3	2	LIHC.iCluster:1
TCGA.ES.A2HT.01	TCGA-ES-A2HT	2	3	2	LIHC.iCluster:1
TCGA.FV.A23B.11	TCGA-FV-A23B	1	1	4	LIHC.iCluster:2
TCGA.FV.A23B.01	TCGA-FV-A23B	1	1	4	LIHC.iCluster:2
TCGA.FV.A2QQ.01	TCGA-FV-A2QQ	2	3	4	LIHC.iCluster:2
TCGA.FV.A2QR.11	TCGA-FV-A2QR	2	4	2	LIHC.iCluster:3
TCGA.FV.A2QR.01	TCGA-FV-A2QR	2	4	2	LIHC.iCluster:3
TCGA.FV.A3I0.11	TCGA-FV-A3I0	miRNA.NA	mRNA.NA	meth.NA	LIHC.NA
TCGA.FV.A3I0.01	TCGA-FV-A3I0	miRNA.NA	mRNA.NA	meth.NA	LIHC.NA
TCGA.FV.A3I1.11	TCGA-FV-A3I1	3	3	2	LIHC.iCluster:3
TCGA.FV.A3I1.01	TCGA-FV-A3I1	3	3	2	LIHC.iCluster:3
TCGA.FV.A3R2.11	TCGA-FV-A3R2	miRNA.NA	4	4	LIHC.NA
TCGA.FV.A3R2.01	TCGA-FV-A3R2	miRNA.NA	4	4	LIHC.NA
TCGA.FV.A3R3.01	TCGA-FV-A3R3	miRNA.NA	1	1	LIHC.NA
TCGA.FV.A495.01	TCGA-FV-A495	5	3	2	LIHC.iCluster:2
TCGA.FV.A496.01	TCGA-FV-A496	3	4	4	LIHC.iCluster:2
TCGA.FV.A4ZP.01	TCGA-FV-A4ZP	3	1	3	LIHC.iCluster:1
TCGA.FV.A4ZQ.01	TCGA-FV-A4ZQ	1	5	1	LIHC.iCluster:2
TCGA.G3.A25S.01	TCGA-G3-A25S	3	4	2	LIHC.iCluster:3
TCGA.G3.A25T.01	TCGA-G3-A25T	5	1	3	LIHC.iCluster:1
TCGA.G3.A25U.01	TCGA-G3-A25U	1	4	4	LIHC.iCluster:3
TCGA.G3.A25V.01	TCGA-G3-A25V	5	3	2	LIHC.iCluster:2
TCGA.G3.A25X.01	TCGA-G3-A25X	5	1	3	LIHC.iCluster:1
TCGA.G3.A25Y.01	TCGA-G3-A25Y	5	1	3	LIHC.iCluster:1
TCGA.G3.A25Z.01	TCGA-G3-A25Z	3	3	4	LIHC.iCluster:3
TCGA.G3.A3CG.01	TCGA-G3-A3CG	miRNA.NA	mRNA.NA	meth.NA	LIHC.NA
TCGA.G3.A3CH.11	TCGA-G3-A3CH	5	4	1	LIHC.iCluster:1
TCGA.G3.A3CH.01	TCGA-G3-A3CH	5	4	1	LIHC.iCluster:1
TCGA.G3.A3CI.01	TCGA-G3-A3CI	2	4	2	LIHC.iCluster:1
TCGA.G3.A3CJ.01	TCGA-G3-A3CJ	2	5	4	LIHC.iCluster:2
TCGA.G3.A3CK.01	TCGA-G3-A3CK	2	5	4	LIHC.iCluster:2
TCGA.G3.A5SI.01	TCGA-G3-A5SI	4	4	3	LIHC.iCluster:2
TCGA.G3.A5SJ.01	TCGA-G3-A5SJ	3	1	2	LIHC.iCluster:3
TCGA.G3.A5SK.01	TCGA-G3-A5SK	2	4	4	LIHC.NA
TCGA.G3.A5SL.01	TCGA-G3-A5SL	2	5	4	LIHC.iCluster:2
TCGA.G3.A5SM.01	TCGA-G3-A5SM	3	3	4	LIHC.iCluster:2
TCGA.G3.A6UC.01	TCGA-G3-A6UC	2	5	2	LIHC.iCluster:3
TCGA.G3.A7M5.01	TCGA-G3-A7M5	1	4	2	LIHC.iCluster:3
TCGA.G3.A7M6.01	TCGA-G3-A7M6	5	1	2	LIHC.iCluster:3
TCGA.G3.A7M7.01	TCGA-G3-A7M7	2	3	4	LIHC.iCluster:2
TCGA.G3.A7M8.01	TCGA-G3-A7M8	2	4	2	LIHC.iCluster:2
TCGA.G3.A7M9.01	TCGA-G3-A7M9	3	1	2	LIHC.iCluster:1
TCGA.G3.AAUZ.01	TCGA-G3-AAUZ	miRNA.NA	mRNA.NA	meth.NA	LIHC.NA
TCGA.G3.AAV0.01	TCGA-G3-AAV0	miRNA.NA	mRNA.NA	meth.NA	LIHC.NA
TCGA.G3.AAV1.01	TCGA-G3-AAV1	miRNA.NA	mRNA.NA	meth.NA	LIHC.NA
TCGA.G3.AAV2.01	TCGA-G3-AAV2	miRNA.NA	mRNA.NA	meth.NA	LIHC.NA
TCGA.G3.AAV3.01	TCGA-G3-AAV3	miRNA.NA	mRNA.NA	meth.NA	LIHC.NA
TCGA.G3.AAV4.01	TCGA-G3-AAV4	miRNA.NA	mRNA.NA	meth.NA	LIHC.NA
TCGA.G3.AAV5.01	TCGA-G3-AAV5	miRNA.NA	mRNA.NA	meth.NA	LIHC.NA
TCGA.G3.AAV6.01	TCGA-G3-AAV6	miRNA.NA	mRNA.NA	meth.NA	LIHC.NA
TCGA.G3.AAV7.01	TCGA-G3-AAV7	miRNA.NA	mRNA.NA	meth.NA	LIHC.NA
TCGA.GJ.A3OU.01	TCGA-GJ-A3OU	miRNA.NA	mRNA.NA	meth.NA	LIHC.NA
TCGA.GJ.A6C0.01	TCGA-GJ-A6C0	miRNA.NA	mRNA.NA	meth.NA	LIHC.NA
TCGA.GJ.A9DB.01	TCGA-GJ-A9DB	miRNA.NA	mRNA.NA	meth.NA	LIHC.NA
TCGA.HP.A5MZ.01	TCGA-HP-A5MZ	5	3	4	LIHC.iCluster:1
TCGA.HP.A5N0.01	TCGA-HP-A5N0	2	4	2	LIHC.iCluster:2
TCGA.K7.A5RF.01	TCGA-K7-A5RF	2	3	2	LIHC.iCluster:2
TCGA.K7.A5RG.01	TCGA-K7-A5RG	3	1	1	LIHC.iCluster:2
TCGA.K7.A6G5.01	TCGA-K7-A6G5	3	3	2	LIHC.iCluster:2
TCGA.K7.AAU7.01	TCGA-K7-AAU7	miRNA.NA	mRNA.NA	meth.NA	LIHC.NA
TCGA.KR.A7K0.01	TCGA-KR-A7K0	5	5	4	LIHC.iCluster:2
TCGA.KR.A7K2.01	TCGA-KR-A7K2	miRNA.NA	mRNA.NA	meth.NA	LIHC.NA
TCGA.KR.A7K7.01	TCGA-KR-A7K7	3	5	2	LIHC.iCluster:3
TCGA.KR.A7K8.01	TCGA-KR-A7K8	5	4	2	LIHC.iCluster:2
TCGA.LG.A6GG.01	TCGA-LG-A6GG	1	4	2	LIHC.iCluster:3
TCGA.LG.A9QC.01	TCGA-LG-A9QC	miRNA.NA	mRNA.NA	meth.NA	LIHC.NA
TCGA.LG.A9QD.01	TCGA-LG-A9QD	miRNA.NA	mRNA.NA	meth.NA	LIHC.NA
TCGA.MI.A75C.01	TCGA-MI-A75C	3	2	4	LIHC.iCluster:2
TCGA.MI.A75E.01	TCGA-MI-A75E	3	3	4	LIHC.iCluster:2
TCGA.MI.A75G.01	TCGA-MI-A75G	2	4	4	LIHC.iCluster:3
TCGA.MI.A75H.01	TCGA-MI-A75H	1	5	4	LIHC.iCluster:3
TCGA.MI.A75I.01	TCGA-MI-A75I	2	4	2	LIHC.iCluster:3
TCGA.MR.A520.01	TCGA-MR-A520	2	4	2	LIHC.iCluster:2
TCGA.MR.A8JO.01	TCGA-MR-A8JO	miRNA.NA	mRNA.NA	meth.NA	LIHC.NA
TCGA.NI.A4U2.01	TCGA-NI-A4U2	2	4	2	LIHC.iCluster:2
TCGA.NI.A8LF.01	TCGA-NI-A8LF	miRNA.NA	mRNA.NA	meth.NA	LIHC.NA
TCGA.O8.A75V.01	TCGA-O8-A75V	3	3	4	LIHC.iCluster:2
TCGA.PD.A5DF.01	TCGA-PD-A5DF	3	3	2	LIHC.iCluster:3
TCGA.QA.A7B7.01	TCGA-QA-A7B7	2	4	4	LIHC.iCluster:3
TCGA.RC.A6M3.01	TCGA-RC-A6M3	3	1	1	LIHC.iCluster:1
TCGA.RC.A6M4.01	TCGA-RC-A6M4	1	5	4	LIHC.iCluster:3
TCGA.RC.A6M5.01	TCGA-RC-A6M5	5	3	2	LIHC.iCluster:1
TCGA.RC.A6M6.01	TCGA-RC-A6M6	3	1	2	LIHC.iCluster:1
TCGA.RC.A7S9.01	TCGA-RC-A7S9	4	1	3	LIHC.iCluster:1
TCGA.RC.A7SB.01	TCGA-RC-A7SB	2	4	2	LIHC.iCluster:3
TCGA.RC.A7SF.01	TCGA-RC-A7SF	3	4	4	LIHC.iCluster:3
TCGA.RC.A7SH.01	TCGA-RC-A7SH	miRNA.NA	mRNA.NA	meth.NA	LIHC.NA
TCGA.RC.A7SK.01	TCGA-RC-A7SK	2	4	2	LIHC.iCluster:3
TCGA.RG.A7D4.01	TCGA-RG-A7D4	3	5	2	LIHC.iCluster:3
TCGA.T1.A6J8.01	TCGA-T1-A6J8	miRNA.NA	mRNA.NA	meth.NA	LIHC.NA
TCGA.UB.A7MA.01	TCGA-UB-A7MA	miRNA.NA	mRNA.NA	meth.NA	LIHC.NA
TCGA.UB.A7MB.01	TCGA-UB-A7MB	1	4	2	LIHC.iCluster:2
TCGA.UB.A7MC.01	TCGA-UB-A7MC	1	5	1	LIHC.iCluster:3
TCGA.UB.A7MD.01	TCGA-UB-A7MD	3	5	2	LIHC.iCluster:3
TCGA.UB.A7ME.01	TCGA-UB-A7ME	4	1	1	LIHC.iCluster:1
TCGA.UB.A7MF.01	TCGA-UB-A7MF	3	1	3	LIHC.iCluster:1
TCGA.UB.AA0U.01	TCGA-UB-AA0U	miRNA.NA	mRNA.NA	meth.NA	LIHC.NA
TCGA.UB.AA0V.01	TCGA-UB-AA0V	miRNA.NA	mRNA.NA	meth.NA	LIHC.NA
TCGA.WJ.A86L.01	TCGA-WJ-A86L	miRNA.NA	mRNA.NA	meth.NA	LIHC.NA
TCGA.WQ.A9G7.01	TCGA-WQ-A9G7	miRNA.NA	mRNA.NA	meth.NA	LIHC.NA
TCGA.WQ.AB4B.01	TCGA-WQ-AB4B	miRNA.NA	mRNA.NA	meth.NA	LIHC.NA
TCGA.WX.AA44.01	TCGA-WX-AA44	miRNA.NA	mRNA.NA	meth.NA	LIHC.NA
TCGA.WX.AA46.01	TCGA-WX-AA46	miRNA.NA	mRNA.NA	meth.NA	LIHC.NA
TCGA.WX.AA47.01	TCGA-WX-AA47	miRNA.NA	mRNA.NA	meth.NA	LIHC.NA
TCGA.XR.A8TC.01	TCGA-XR-A8TC	miRNA.NA	mRNA.NA	meth.NA	LIHC.NA
TCGA.XR.A8TD.01	TCGA-XR-A8TD	miRNA.NA	mRNA.NA	meth.NA	LIHC.NA
TCGA.XR.A8TE.01	TCGA-XR-A8TE	miRNA.NA	mRNA.NA	meth.NA	LIHC.NA
TCGA.XR.A8TF.01	TCGA-XR-A8TF	miRNA.NA	mRNA.NA	meth.NA	LIHC.NA
TCGA.XR.A8TG.01	TCGA-XR-A8TG	miRNA.NA	mRNA.NA	meth.NA	LIHC.NA
TCGA.YA.A8S7.01	TCGA-YA-A8S7	miRNA.NA	mRNA.NA	meth.NA	LIHC.NA
TCGA.ZP.A9CV.01	TCGA-ZP-A9CV	miRNA.NA	mRNA.NA	meth.NA	LIHC.NA
TCGA.ZP.A9CY.01	TCGA-ZP-A9CY	miRNA.NA	mRNA.NA	meth.NA	LIHC.NA
TCGA.ZP.A9CZ.01	TCGA-ZP-A9CZ	miRNA.NA	mRNA.NA	meth.NA	LIHC.NA
TCGA.ZP.A9D0.01	TCGA-ZP-A9D0	miRNA.NA	mRNA.NA	meth.NA	LIHC.NA
TCGA.ZP.A9D1.01	TCGA-ZP-A9D1	miRNA.NA	mRNA.NA	meth.NA	LIHC.NA
TCGA.ZP.A9D2.01	TCGA-ZP-A9D2	miRNA.NA	mRNA.NA	meth.NA	LIHC.NA
TCGA.ZP.A9D4.01	TCGA-ZP-A9D4	miRNA.NA	mRNA.NA	meth.NA	LIHC.NA
TCGA.ZS.A9CD.01	TCGA-ZS-A9CD	miRNA.NA	mRNA.NA	meth.NA	LIHC.NA
TCGA.ZS.A9CE.01	TCGA-ZS-A9CE	miRNA.NA	mRNA.NA	meth.NA	LIHC.NA
TCGA.ZS.A9CF.01	TCGA-ZS-A9CF	miRNA.NA	mRNA.NA	meth.NA	LIHC.NA
TCGA.ZS.A9CF.02	TCGA-ZS-A9CF	miRNA.NA	mRNA.NA	meth.NA	LIHC.NA
TCGA.ZS.A9CG.01	TCGA-ZS-A9CG	miRNA.NA	mRNA.NA	meth.NA	LIHC.NA
TCGA.BC.A10S.11	TCGA-BC-A10S	3	3	4	LIHC.iCluster:2
TCGA.BC.A112.11	TCGA-BC-A112	5	1	3	LIHC.iCluster:1
TCGA.DD.A115.11	TCGA-DD-A115	5	4	2	LIHC.iCluster:3
TCGA.DD.A1E9.11	TCGA-DD-A1E9	miRNA.NA	mRNA.NA	4	LIHC.NA
TCGA.DD.A1E9.01	TCGA-DD-A1E9	miRNA.NA	mRNA.NA	4	LIHC.NA
TCGA.DD.A1ED.11	TCGA-DD-A1ED	5	5	2	LIHC.iCluster:1
TCGA.DD.A1EF.11	TCGA-DD-A1EF	1	1	3	LIHC.iCluster:1
TCGA.DD.A3A0.01	TCGA-DD-A3A0	1	mRNA.NA	1	LIHC.NA
TCGA.DD.AACM.01	TCGA-DD-AACM	miRNA.NA	mRNA.NA	meth.NA	LIHC.NA
TCGA.DD.AADE.01	TCGA-DD-AADE	miRNA.NA	mRNA.NA	meth.NA	LIHC.NA
TCGA.DD.AAE8.01	TCGA-DD-AAE8	miRNA.NA	mRNA.NA	meth.NA	LIHC.NA
TCGA.ES.A2HS.11	TCGA-ES-A2HS	2	3	4	LIHC.iCluster:2
TCGA.G3.A25W.11	TCGA-G3-A25W	3	mRNA.NA	4	LIHC.NA
TCGA.G3.A25W.01	TCGA-G3-A25W	3	mRNA.NA	4	LIHC.NA
TCGA.G3.A25X.11	TCGA-G3-A25X	5	1	3	LIHC.iCluster:1
